fold,train_losses,val_accuracies,val_f1s,val_roc_aucs,best_f1
1,"[1.0508057575613734, 0.9871625874250655, 0.9594370417651676, 0.9452113007742261, 0.930567736900042, 0.9257925671954004, 0.9182039169328553, 0.9127283125879273, 0.9077803580060838, 0.9029196209850765, 0.8986473877042059, 0.8920798163328852, 0.8877820443539393, 0.8833343810032285, 0.8787696970597146, 0.8776380107516334, 0.8699657402577854, 0.8638992255169248, 0.8649697554489922, 0.8589445948600769, 0.8623424296577772, 0.8559961126200737, 0.851988121275864, 0.8474333894749483, 0.8494891084375835, 0.8424903898248597, 0.8374582162452122, 0.8369516381432139, 0.8346463077598147, 0.8339478281282243, 0.8278147801756859, 0.8278111975107875, 0.8229555439144846, 0.8233228280903802, 0.8199434411667642, 0.8171548215406281, 0.814731748449424, 0.8097065363138441, 0.8066485809191825, 0.8056240218972403, 0.8031670072722057, 0.8047442205605053, 0.8019905613055305, 0.7992180328047465, 0.7958610470569323, 0.7923814853623746, 0.7906887955254033, 0.7887661717240773, 0.7693562437854116, 0.766474807309726, 0.7658646916231465, 0.7661001908755491, 0.763083320584089, 0.7627983263560704, 0.7575317010401733, 0.7552033107550371, 0.7567505199048254]","[0.526302729528536, 0.5540942928039703, 0.5538461538461539, 0.5702233250620348, 0.5578163771712159, 0.5583126550868487, 0.5759305210918114, 0.5746898263027296, 0.5945409429280397, 0.5766749379652606, 0.5885856079404467, 0.5933002481389578, 0.5836228287841191, 0.6009925558312655, 0.6074441687344914, 0.5890818858560795, 0.5888337468982631, 0.5535980148883375, 0.6044665012406948, 0.6007444168734491, 0.5982630272952854, 0.6062034739454094, 0.603970223325062, 0.6104218362282878, 0.6084367245657568, 0.6064516129032258, 0.6029776674937966, 0.5890818858560795, 0.5764267990074442, 0.6042183622828784, 0.5923076923076923, 0.603225806451613, 0.6138957816377171, 0.6186104218362283, 0.609925558312655, 0.598014888337469, 0.6158808933002481, 0.5866004962779157, 0.6114143920595534, 0.6089330024813896, 0.6057071960297766, 0.609925558312655, 0.5957816377171216, 0.605955334987593, 0.6034739454094293, 0.6057071960297766, 0.6156327543424318, 0.6153846153846154, 0.615136476426799, 0.6119106699751861, 0.605210918114144, 0.6104218362282878, 0.61712158808933, 0.611166253101737, 0.6109181141439206, 0.6156327543424318]","[0.403997693729299, 0.4312699434525318, 0.4582734931947218, 0.4957155120015466, 0.48458832859574974, 0.4704071168697404, 0.4941710968840152, 0.4926550347714999, 0.5629445669696592, 0.5294587251026932, 0.5210836318772936, 0.5348122029893804, 0.5162082779570094, 0.5680191910139548, 0.5776121101472915, 0.5239106020205587, 0.5240080031221673, 0.4702515999740169, 0.5615029957527268, 0.5431949700534832, 0.5617001712302486, 0.5835374200143743, 0.5423509939162029, 0.5849721213419502, 0.5693522545829047, 0.5837179399667313, 0.5598219252073126, 0.5268830778649793, 0.5316209688624951, 0.5481645626608925, 0.5601135155079316, 0.5869358945614378, 0.5802848313238936, 0.5947904401386296, 0.5777737767586193, 0.5965970144689434, 0.5978410805110502, 0.5411145704306805, 0.5912298608925207, 0.554389820310056, 0.5666471655698552, 0.5702841987301711, 0.5631411633926982, 0.5622630542805187, 0.5597513196166979, 0.5759348443773303, 0.5884312098890158, 0.581582157353549, 0.5797893600409029, 0.5766712616315596, 0.5614839058298, 0.567890875318862, 0.5944210973381577, 0.5773893808847133, 0.5766634975545512, 0.5888375833343492]","[0.6749270597642382, 0.7169244743017593, 0.7381563989270296, 0.7465260151801912, 0.7522072394404745, 0.7552310358887248, 0.7579754705713032, 0.7604668846340242, 0.7587408669674357, 0.7619394530992567, 0.7627398003221537, 0.7623177212820053, 0.7620357256347517, 0.7678426068350364, 0.7687242500740874, 0.7673585910715056, 0.7702169801751587, 0.7612175544219694, 0.7716136946727629, 0.7709200953235064, 0.7709358854485516, 0.7724061407727444, 0.7719720575345842, 0.7702937862392071, 0.7719689333966336, 0.7699221603286928, 0.7698171087755848, 0.7700307927093495, 0.7677730396644146, 0.7722763583998037, 0.7738173726954146, 0.7749641892311591, 0.7746423525499804, 0.7721480531548689, 0.7720483850396791, 0.7730615803720225, 0.7774030577681367, 0.7670861382212323, 0.7764572450876625, 0.7748268111524835, 0.7736773955802256, 0.7727822843965506, 0.770686994393969, 0.7732905269543894, 0.7755799436267203, 0.7738827739545661, 0.77422866453688, 0.7755141217981825, 0.7744251313876598, 0.7763251452511608, 0.7725505932351352, 0.7756824133530594, 0.7757483925714935, 0.7716237355555963, 0.774353359892007, 0.7735989065540858]",0.5978410805110502
2,"[1.04848229352917, 0.9862279236789734, 0.9582983820684372, 0.943651972663781, 0.9352828075015356, 0.9266155833999316, 0.9195399464122833, 0.9097938126041776, 0.9058312858854022, 0.90258389971559, 0.8976672255094089, 0.8928722891779173, 0.889730656549098, 0.8833713914666858, 0.8794451333464138, 0.8741939985562884, 0.8715283188318449, 0.8697008365203464, 0.8624747093944323, 0.8572521473443697, 0.856953712446349, 0.853109966904398, 0.849159978803188, 0.8318731212426745, 0.8322127377466549, 0.8236843357010494, 0.8231227649819284, 0.8219448061926025, 0.8180685926760946, 0.8157238313366496, 0.8165328610274527, 0.813874070370008, 0.8099431595395482, 0.8111581765706577, 0.8068487147490183, 0.8005334627297189, 0.7977490580034634, 0.7974777454658161, 0.8016818181153328, 0.7984190569037483, 0.7890579384707269, 0.7899619366914507, 0.785194816333907, 0.7868515636239733, 0.781645948569926, 0.7824943156705962, 0.7751449467762123, 0.7805400197468106, 0.7756673785902205, 0.7708179209795263, 0.7715277808407942, 0.7695051452351941, 0.7671897850102849, 0.763424766205606, 0.7641031670546721, 0.7497907459499344, 0.74774120263164, 0.7453026458739288, 0.744547424098802, 0.7430123439620412, 0.7371657658664007, 0.7374806674936462, 0.7376688673264451, 0.7330846071598076]","[0.5267990074441687, 0.5513647642679901, 0.5568238213399503, 0.5558312655086849, 0.5610421836228288, 0.5764267990074442, 0.5498759305210918, 0.5903225806451613, 0.5689826302729528, 0.5771712158808933, 0.6022332506203474, 0.6066997518610422, 0.5935483870967742, 0.5846153846153846, 0.5972704714640199, 0.6081885856079404, 0.6022332506203474, 0.6094292803970224, 0.6119106699751861, 0.5967741935483871, 0.5915632754342431, 0.601985111662531, 0.5538461538461539, 0.607940446650124, 0.6004962779156328, 0.5915632754342431, 0.6027295285359802, 0.6, 0.6004962779156328, 0.6022332506203474, 0.5933002481389578, 0.6114143920595534, 0.613151364764268, 0.5985111662531017, 0.6069478908188586, 0.598014888337469, 0.6124069478908188, 0.5940446650124069, 0.605210918114144, 0.6129032258064516, 0.6143920595533499, 0.6044665012406948, 0.6034739454094293, 0.613151364764268, 0.6136476426799008, 0.6081885856079404, 0.6049627791563276, 0.6141439205955335, 0.615136476426799, 0.603225806451613, 0.6146401985111662, 0.6116625310173698, 0.6133995037220844, 0.6069478908188586, 0.6037220843672456, 0.6049627791563276, 0.6089330024813896, 0.611166253101737, 0.6109181141439206, 0.6074441687344914, 0.6143920595533499, 0.6101736972704714, 0.611166253101737]","[0.40420788747560393, 0.430897369171002, 0.4438057959200805, 0.4616388763774913, 0.5011061980425185, 0.4889944020049579, 0.49822996479034876, 0.5365766241652876, 0.47692552478048067, 0.5075448523229427, 0.5720737414147846, 0.5805267952406216, 0.5377911403645974, 0.515071228830176, 0.5388288425857443, 0.5666894657006537, 0.5463882680887716, 0.5744501082451413, 0.5749467838528868, 0.5435950792270925, 0.5204007967778128, 0.5452663897466871, 0.4696176776909218, 0.5840631621417708, 0.5436379744356618, 0.5420485663476318, 0.5655655421187538, 0.5545829473073086, 0.5421902254407654, 0.5444748745878744, 0.5493636951510603, 0.5875848006502548, 0.5775832893190518, 0.584938076114246, 0.5557327181457666, 0.5408100810262009, 0.5732927507920642, 0.5528408505974314, 0.5485855543499499, 0.5779310086991148, 0.5901799399987175, 0.5616422807055034, 0.5608027557029233, 0.597057460890818, 0.5829128343020235, 0.5750389418813696, 0.5524865271626104, 0.5850695139234374, 0.5930245161527951, 0.5542610936263882, 0.5824333242650579, 0.5770200062979862, 0.5868654958630274, 0.5813437501971496, 0.5502735524398615, 0.552087662380615, 0.5838634127553712, 0.5783147927154952, 0.5775366235698138, 0.564758873119325, 0.5875097901418439, 0.572489207964919, 0.5756356447713564]","[0.6776968055502075, 0.7138816678668934, 0.7348016421122671, 0.7377716299468209, 0.74750557063677, 0.7501432048443452, 0.7513183378397752, 0.7578666880727187, 0.7607903326426227, 0.7640952445907337, 0.7607854314269501, 0.7634072404795642, 0.766272267329283, 0.761850821205742, 0.7639770330245398, 0.7673360126124787, 0.7685114228933495, 0.7702746758974351, 0.7719834167918749, 0.7699271955933562, 0.7724021631803243, 0.7697901939626669, 0.7681922025495656, 0.7719542205109363, 0.7719553551400553, 0.7734327583778532, 0.7717564453802589, 0.773077242560237, 0.7742037505797671, 0.773517884043752, 0.7739031661551995, 0.772209057622122, 0.7749604233178574, 0.7713980452115168, 0.7755148289643131, 0.7758908693099059, 0.7706037081967204, 0.7693231907074084, 0.7725874161928411, 0.7717762191619807, 0.7762411437079092, 0.7778980153306515, 0.7749155281896813, 0.7747904452012789, 0.7697815342762361, 0.7756434946732101, 0.7755071178344818, 0.7752039945046009, 0.77575417341601, 0.7752107321850016, 0.7754996052446548, 0.777727182058531, 0.7745215778354543, 0.775410526534244, 0.7758451203786246, 0.7760260149868442, 0.7750142147440963, 0.7749499862382813, 0.7747612997685412, 0.777319741252788, 0.776117304288268, 0.7754621140971, 0.775393373384536]",0.597057460890818
3,"[1.0469234052395064, 0.9818294657364725, 0.9594118540722226, 0.9458443737692304, 0.9326306917364635, 0.9237559545371268, 0.9185865801714715, 0.9073710030033475, 0.905327014979862, 0.9005643928807879, 0.8933802121688449, 0.8912004447645612, 0.8838224291564927, 0.8809340877665414, 0.8744830632257083, 0.8744701109235249, 0.8693355949861663, 0.868313051996723, 0.8609567427682498, 0.8614853729331304, 0.8533895337392413, 0.8500804717815111, 0.850976879398028, 0.8446040372290309, 0.8414354882543049, 0.8409350172631325, 0.8351556600795852, 0.8328435172637304, 0.8176549463754609, 0.8136333412830792, 0.8142522366510497, 0.8084295917124975, 0.8095584826336967, 0.8034741322672556, 0.8042676836725265, 0.8001713285607005, 0.7973784772413117, 0.7980090385036809, 0.7976344907212825, 0.7934311855406988, 0.7905278141418147, 0.7915442228790314, 0.7885240011271977, 0.7866763161524893, 0.783048763279877, 0.778762014612319, 0.7725874466437196, 0.7671472811036639, 0.7648367632239584, 0.7646785585416688, 0.7640136872373876, 0.7610513713979532, 0.7608204619988562, 0.7612116993183181, 0.7578391802334596, 0.7549635106254191, 0.7545584433726849, 0.7560770094158158, 0.7533413909730458, 0.750817979138995, 0.7499009182174055, 0.747512316952149, 0.7458946638045802, 0.7448934417158838, 0.7396970773263584, 0.7378247638070394, 0.7334276786635793, 0.7360846889870507, 0.7336718076396556, 0.7366448172501155, 0.7313279982597108, 0.732738770544529, 0.7297177917900539]","[0.5022332506203474, 0.5508684863523573, 0.5719602977667494, 0.5622828784119107, 0.5727047146401986, 0.5749379652605459, 0.5930521091811415, 0.5861042183622829, 0.5858560794044665, 0.5967741935483871, 0.5823821339950372, 0.5975186104218362, 0.5937965260545905, 0.5895781637717121, 0.586848635235732, 0.5913151364764268, 0.5816377171215881, 0.603225806451613, 0.5878411910669975, 0.6022332506203474, 0.5694789081885856, 0.6047146401985112, 0.6081885856079404, 0.6064516129032258, 0.609181141439206, 0.5903225806451613, 0.6037220843672456, 0.6034739454094293, 0.601985111662531, 0.605955334987593, 0.5908188585607941, 0.6034739454094293, 0.6066997518610422, 0.6069478908188586, 0.611166253101737, 0.603970223325062, 0.5933002481389578, 0.603225806451613, 0.5990074441687345, 0.6121588089330025, 0.6148883374689826, 0.6012406947890819, 0.6096774193548387, 0.5933002481389578, 0.5992555831265509, 0.6126550868486352, 0.603970223325062, 0.5990074441687345, 0.6074441687344914, 0.5992555831265509, 0.6116625310173698, 0.6064516129032258, 0.6124069478908188, 0.6081885856079404, 0.6129032258064516, 0.6009925558312655, 0.6081885856079404, 0.6114143920595534, 0.6106699751861042, 0.6143920595533499, 0.601985111662531, 0.605210918114144, 0.6084367245657568, 0.5851116625310173, 0.6094292803970224, 0.6081885856079404, 0.6062034739454094, 0.6064516129032258, 0.6116625310173698, 0.6094292803970224, 0.6094292803970224, 0.6084367245657568]","[0.3906410068373584, 0.42770109195398676, 0.5423728550692842, 0.46990211559014156, 0.49435592064549877, 0.481834485778478, 0.5576344691958075, 0.5147426914057839, 0.5224533228415464, 0.549693756033765, 0.5166714735154535, 0.5447429205965298, 0.5565018134932624, 0.5760699063497666, 0.578933397276045, 0.5308615946749414, 0.5812657802495579, 0.5653897539423909, 0.5478177444088447, 0.5564551646224848, 0.5239122917220193, 0.5597001945582989, 0.5724493531011047, 0.5665542901504982, 0.5732697386274267, 0.5424867314358587, 0.5560751154782853, 0.5703988391628355, 0.5798459929456502, 0.5546090090987509, 0.5302785453853956, 0.5565050160629877, 0.5809784454702148, 0.5848128643958278, 0.5869973479848557, 0.574437894480818, 0.5259729551920506, 0.5694761963348702, 0.5692814159731191, 0.5861678724086387, 0.5815580337377444, 0.55301091536671, 0.5693437088584662, 0.5550715357787751, 0.5482598823169452, 0.58480156269323, 0.5585834700491272, 0.5506836376006464, 0.5597804732652295, 0.5716635237917922, 0.5817569594011988, 0.566044182343512, 0.5887145160649042, 0.5704038896357501, 0.577846541684103, 0.5430798813019115, 0.575573887193133, 0.5870813588697409, 0.5737919268225177, 0.5808423127399377, 0.5662074868935384, 0.5651471020437808, 0.576839715163909, 0.5660310977291066, 0.5802138831054928, 0.5696674304625639, 0.5686021261854347, 0.5731027305577431, 0.5817747347691902, 0.5721168956121233, 0.5765259895692675, 0.5867365144599362]","[0.6810641140767887, 0.7144908899333805, 0.7243767670736431, 0.7310065059221641, 0.7368308544731536, 0.7364952246272282, 0.7472126808635583, 0.7453304357651488, 0.7480642641179517, 0.7540385310457195, 0.7512804269834783, 0.7561819347224912, 0.7546636998206991, 0.7574022055568391, 0.7577027682474432, 0.7589859819703908, 0.7612402874699193, 0.7608279914589672, 0.7588298982654873, 0.7608312595925595, 0.7529202069925053, 0.7641862544997231, 0.7622712462954156, 0.7632610191721775, 0.7661320054847577, 0.7613102120389694, 0.7626889369813111, 0.7627787565142823, 0.7615929404031904, 0.7659192777085307, 0.7614624817445236, 0.7671644523798825, 0.7633412600780228, 0.7670417457538465, 0.7680601144506576, 0.767257533085878, 0.7665541550206519, 0.7682828426809, 0.7656898629355279, 0.7673488680010602, 0.7675734264926924, 0.7685716956382084, 0.7672025618453181, 0.7628857687828497, 0.7701239771185913, 0.7693708731123436, 0.7676861801671317, 0.7668527960884125, 0.7694588921704509, 0.7658143836027071, 0.7697762405663813, 0.7689443535292232, 0.7696661342626889, 0.7703242476080975, 0.770542787041967, 0.7697021807794361, 0.7683672869631631, 0.7699441696253215, 0.771132039386687, 0.7703127987719203, 0.7701220640453682, 0.7709510568141296, 0.7697937551618109, 0.768791578881919, 0.7696707456428876, 0.7692430098512455, 0.7695314244526851, 0.7692148782887719, 0.7692888440914847, 0.7710871733493397, 0.770390942657485, 0.769544068543078]",0.5887145160649042
4,"[1.043365016579628, 0.9809714612506685, 0.9596536108662211, 0.948294246835368, 0.9389467386026231, 0.9293790587357112, 0.9193031592738061, 0.9115144655344978, 0.9059093508218962, 0.8983811514954718, 0.895285273946467, 0.8916206066570584, 0.8843483680060932, 0.8792573957452698, 0.8829086989400878, 0.8756973544756571, 0.8740718503083501, 0.8661332828184914, 0.8666263922812447, 0.8631750487145924, 0.8598304075144586, 0.8550424731913067, 0.8366784561011527, 0.8374211766890117, 0.8346984431384101, 0.8304241246410778, 0.825941977756364, 0.82590551934545, 0.8210225580703645, 0.817761762865952, 0.8185386017911018]","[0.48969967733929015, 0.5482750062050137, 0.5691238520724745, 0.5723504591710101, 0.5817820799205758, 0.5860014892032762, 0.5924547034003474, 0.5817820799205758, 0.5922065028543063, 0.5902208984859767, 0.5954331099528419, 0.5842640853809878, 0.6078431372549019, 0.5701166542566394, 0.5924547034003474, 0.6053611317944899, 0.5917101017622238, 0.5974187143211716, 0.6001489203276247, 0.6023827252419955, 0.6053611317944899, 0.6021345246959543, 0.6137999503598908, 0.6073467361628195, 0.6098287416232315, 0.6075949367088608, 0.6145445519980144, 0.6021345246959543, 0.6070985356167784, 0.5961777115909656]","[0.35520688580644616, 0.4264953900017654, 0.5043391506457572, 0.48250497421787353, 0.554955489068485, 0.5424293637869865, 0.5409334080471329, 0.5109959718811256, 0.5647048185023527, 0.5072590969983589, 0.5886664022378404, 0.5321102710455329, 0.5651506478957407, 0.4841085816525866, 0.5171164211665226, 0.5628861834853935, 0.5323772841708019, 0.5523029916579223, 0.5604544593196683, 0.5698180675862694, 0.5383744671396012, 0.5311020778562626, 0.5831617512957855, 0.5517666112113381, 0.5684838794395968, 0.5504453417352048, 0.5731955274879872, 0.5803963028104612, 0.5585288317052607, 0.5382484260692221]","[0.6870936639379571, 0.7127504716761804, 0.7230269848745131, 0.7393574640673412, 0.7412850713628439, 0.7498236845975952, 0.7553646492831044, 0.760185093425715, 0.759736406221081, 0.7618259789368761, 0.7638134083321123, 0.7611044701469717, 0.7630021057297447, 0.7601754357227201, 0.7632156020129658, 0.7664249666879765, 0.7671526377179498, 0.7689309137870599, 0.7678013581848274, 0.7690876060240038, 0.7692149776571795, 0.7679132867961829, 0.7701554313282983, 0.7706972762624221, 0.770363980447408, 0.7711344472451455, 0.7710058685690893, 0.7677912894369782, 0.7693826949335447, 0.7716675717368916]",0.5886664022378404
5,"[1.0523194979344095, 0.9892385458898922, 0.9650565856505954, 0.9506067758987821, 0.9375175528583073, 0.9329218930668302, 0.924225546064831, 0.9198081302973959, 0.9143146995514159, 0.9053865607295718, 0.9016305941437918, 0.8969467634719516, 0.8912693668925573, 0.8905972407923805, 0.8812681308814457, 0.8764356396027974, 0.871183377882791, 0.8692037987094077, 0.8616924719914557, 0.8595382432852473, 0.8560966679028102, 0.8510167830520206, 0.8507236727173366, 0.8465041098377061, 0.8416694853277433, 0.844392258141722, 0.8337197764998391, 0.817054774080004, 0.8128231983809244, 0.8120931796138249, 0.8104978332680369, 0.8066880556326064, 0.8048959633424169, 0.8011230987215799, 0.8003905093859113, 0.7966151346289922, 0.7949756032654217, 0.7921619370343194, 0.7890890720817778, 0.7903938428277061, 0.7868530544496718, 0.788203472655917, 0.7730443192616342, 0.7726435696794873, 0.7714629800073685, 0.7661665867245386, 0.7645740395500547, 0.7638611189784512, 0.7626906845068174, 0.7614654458113133, 0.7588007995297038]","[0.5286671630677587, 0.5316455696202531, 0.504343509555721, 0.5805410771903698, 0.5740878629932986, 0.5673864482501861, 0.568379250434351, 0.5961777115909656, 0.5996525192355423, 0.5939439066765947, 0.5976669148672127, 0.5840158848349466, 0.5815338793745346, 0.5936957061305534, 0.5961777115909656, 0.6105733432613552, 0.6078431372549019, 0.5959295110449243, 0.5996525192355423, 0.5810374782824522, 0.6001489203276247, 0.6043683296103252, 0.6125589476296848, 0.5907172995780591, 0.5830230826507818, 0.6142963514519731, 0.6160337552742616, 0.6075949367088608, 0.6182675601886324, 0.6155373541821793, 0.6083395383469844, 0.6187639612807149, 0.6066021345246959, 0.619012161826756, 0.6205013651030032, 0.621494167287168, 0.6135517498138496, 0.6118143459915611, 0.612807148175726, 0.610325142715314, 0.6063539339786548, 0.6157855547282204, 0.6180193596425912, 0.619012161826756, 0.6133035492678084, 0.6170265574584264, 0.6185157607346736, 0.6133035492678084, 0.6150409530900968, 0.6095805410771904]","[0.4144902962911969, 0.4172196489079077, 0.37851807422690503, 0.5179122105324175, 0.4852140830290566, 0.5057668555706273, 0.5171192055637824, 0.5433902619470785, 0.579637005350332, 0.5297068239691879, 0.5351412684001172, 0.5199130295648603, 0.5315448930274035, 0.5264604643657662, 0.5497839426736065, 0.594099830983145, 0.5572607164705318, 0.5324437351015424, 0.5764342553615592, 0.5012854742406356, 0.5446461891313209, 0.5745053518422469, 0.5735658584897932, 0.5287373660893684, 0.5243570470443849, 0.5758751622243569, 0.5760544055034692, 0.5639865303807331, 0.5928600697206117, 0.5794056597302254, 0.6011679284764281, 0.5882526418165606, 0.5733507437009987, 0.5838655514683695, 0.5908111726365546, 0.5965373080784143, 0.5817861112013385, 0.5695674040143348, 0.5734769129414973, 0.5728871350679327, 0.5469191206347169, 0.5750591899683074, 0.586943779549061, 0.5956764556006435, 0.5713422005720213, 0.6002781479737584, 0.589221792967514, 0.5810816965709293, 0.5810746932274128, 0.5899857491364414]","[0.6824164640456445, 0.7166699987400262, 0.7303962776667069, 0.7483035079563689, 0.7517650252504255, 0.7518502351415909, 0.7493248284479516, 0.7652146548393635, 0.7655972182628347, 0.7673035926315408, 0.7671515611582639, 0.7671709353280076, 0.7672054370894915, 0.7718980957947164, 0.7707499975451463, 0.7708317655018616, 0.7768490994121516, 0.7711746646956804, 0.7716659559006943, 0.770907872300591, 0.7736501982095668, 0.7710772744449715, 0.7752450597314824, 0.7764932172288378, 0.7695502286371866, 0.7742416724970177, 0.777429959468854, 0.7779357928680377, 0.7790980155207373, 0.7785189937115627, 0.7781914134485497, 0.7796278735637646, 0.7779615946949249, 0.7780181856654987, 0.7794702256362956, 0.7807961912926453, 0.7810356184815817, 0.7808957437541305, 0.7772594008440145, 0.7809676167852784, 0.7768166939283562, 0.7813982740585866, 0.7816531942495986, 0.7799643550445898, 0.7792284357585865, 0.7793923028987546, 0.7805432324495648, 0.77905059474068, 0.7791026977420822, 0.7782583971631288]",0.6011679284764281
6,"[1.0432353302363366, 0.9785860038938976, 0.9634778156640038, 0.9447823123089851, 0.9328173346935756, 0.9235295849660087, 0.9169215095185098, 0.9121805921433463, 0.904823818968402, 0.8948765329661823, 0.8930592219980936, 0.8872601502234974, 0.8829169642357599, 0.8763472128009039, 0.8751232904337701, 0.8704747813088554, 0.8673993545392203, 0.8621787704409115, 0.8570226332734502, 0.852308144999875, 0.8524712987598919, 0.8456507130038171, 0.8471906803666599, 0.8467400788314758, 0.8410285429822074, 0.8395925971960264, 0.8327304603798049, 0.8311365405245433, 0.8322330881205816, 0.8289398414984582, 0.8250851622886128, 0.8193720550172858, 0.8216190386622672, 0.8139656589381279, 0.8121655777333274, 0.8066238116413827, 0.8061789485906797, 0.8085390254855156, 0.8055424239663851, 0.7865452810175835, 0.7835138068194427, 0.7780330770663799, 0.7784726897638942, 0.7727507771480651, 0.7713068100431609, 0.769083463128597, 0.7709330506622791, 0.7659523729530592]","[0.5042183622828784, 0.5588089330024814, 0.5590570719602977, 0.5503722084367245, 0.5359801488833746, 0.5821339950372209, 0.5632754342431762, 0.5818858560794045, 0.5662531017369727, 0.5888337468982631, 0.5779156327543424, 0.5593052109181141, 0.5836228287841191, 0.5977667493796526, 0.5972704714640199, 0.5995037220843672, 0.601985111662531, 0.6027295285359802, 0.5965260545905707, 0.5967741935483871, 0.6022332506203474, 0.5870967741935483, 0.5965260545905707, 0.6014888337468982, 0.5992555831265509, 0.5786600496277916, 0.6002481389578164, 0.607940446650124, 0.5977667493796526, 0.5923076923076923, 0.6029776674937966, 0.586848635235732, 0.5786600496277916, 0.5940446650124069, 0.6104218362282878, 0.6007444168734491, 0.5945409429280397, 0.6116625310173698, 0.5933002481389578, 0.6109181141439206, 0.609181141439206, 0.6054590570719603, 0.6116625310173698, 0.6042183622828784, 0.6124069478908188, 0.607196029776675, 0.6121588089330025]","[0.376263388249646, 0.43965944572252624, 0.45607970173961626, 0.4490165066507017, 0.4416750186725618, 0.49842031816572097, 0.46334974685822417, 0.5059368153289331, 0.4849636968188158, 0.5347791956252909, 0.5209778542450799, 0.48746880984315033, 0.5325440209671881, 0.5725680280864507, 0.5423856429396011, 0.5442994318947538, 0.5557730515654739, 0.5490677105203943, 0.5428835341194647, 0.5582038511474423, 0.5672272146161611, 0.5744070431525283, 0.5527739532087104, 0.5625446495953818, 0.5472694514545812, 0.5158756379281062, 0.5442353215434289, 0.5843988315703971, 0.5602713719440282, 0.5622076151418888, 0.5806913974667408, 0.5123167640294838, 0.5281908932912608, 0.5525840944103035, 0.5807084907977416, 0.5746400612455931, 0.5323657514126602, 0.5640772229510881, 0.5358983370134791, 0.56377869516335, 0.5632334557333775, 0.5658693987436029, 0.5717032511996522, 0.5758124488127351, 0.584300520581265, 0.5662603351516929, 0.5703122642201714]","[0.6993701309586614, 0.7192969805825579, 0.7248956630376129, 0.7360817462249276, 0.7385069148861296, 0.7525861907167132, 0.7523308732303245, 0.7563083943847255, 0.7615116379155088, 0.7608921663028002, 0.7636539829603907, 0.7596737187339073, 0.7644818452143102, 0.7666950558766515, 0.7675469668526634, 0.768795268909825, 0.7674070090172312, 0.7720542200030355, 0.7715067316988563, 0.7696730338626528, 0.7716599355196051, 0.7683996515187786, 0.7693189675619858, 0.7725552055103071, 0.7709109867009044, 0.770004320733582, 0.7772745241826643, 0.7727510380225905, 0.7729884553983911, 0.7736517829184276, 0.773685559034031, 0.7690193678698427, 0.7674000588092463, 0.7720772264715391, 0.7768968749037436, 0.7762493450351716, 0.7712556113546499, 0.7769527423265008, 0.772669684578856, 0.7771733996035817, 0.777545009109203, 0.777076336165791, 0.7755584783595508, 0.7778339872207664, 0.7768347999909117, 0.7766398719482415, 0.7758985486229606]",0.5843988315703971
7,"[1.0515480359631872, 0.9901029259439499, 0.9694670902358161, 0.9529153209120508, 0.9393940597536072, 0.9290347688254856, 0.9268881483446985, 0.9210739993150272, 0.9111725088386309, 0.9094789275337779, 0.9019769402959991, 0.8981175040678372, 0.8933401118431773, 0.8888377795616785, 0.8866596205366982, 0.8822040436050248, 0.88108158064267, 0.8763179463290033, 0.867359188340959, 0.8684326640906788, 0.8630243277265912, 0.8594687299595939, 0.8584751885325189, 0.8429641362930101, 0.8384596095198676, 0.8357271794525404, 0.832706827492941, 0.8312995524870025, 0.8302572142510187, 0.826413433584902, 0.822829177691823, 0.8225154435587307]","[0.5014888337468982, 0.5538461538461539, 0.5640198511166253, 0.5689826302729528, 0.5856079404466501, 0.5880893300248139, 0.5977667493796526, 0.6057071960297766, 0.6029776674937966, 0.607940446650124, 0.5823821339950372, 0.6074441687344914, 0.6002481389578164, 0.5893300248138957, 0.5955334987593052, 0.5732009925558312, 0.6009925558312655, 0.6193548387096774, 0.6200992555831265, 0.6178660049627791, 0.605955334987593, 0.5789081885856079, 0.5967741935483871, 0.6109181141439206, 0.6136476426799008, 0.6166253101736973, 0.5997518610421836, 0.6188585607940447, 0.5987593052109181, 0.6143920595533499, 0.6136476426799008]","[0.3716493791056597, 0.4351698179278547, 0.45009528669712856, 0.48571861017975554, 0.49990567086724336, 0.5145236584528566, 0.5836031369670966, 0.561798864301604, 0.5437018590557207, 0.5643808297533652, 0.49887145534418037, 0.5887463973365976, 0.5266637017399539, 0.5359983255170571, 0.5563913705741301, 0.5002240930102965, 0.51012788427975, 0.5761916595003943, 0.5639831218618803, 0.5861784566927976, 0.556495539277481, 0.5180463342074988, 0.574935459141128, 0.5605185302200194, 0.5724048697865142, 0.5730738413481479, 0.5571776431717247, 0.5709368967183167, 0.5525021890270204, 0.5589530808510622, 0.5774444160835156]","[0.6906665163196649, 0.7194486888182823, 0.7345727888769007, 0.7472553903346725, 0.7555703466446579, 0.758433174692502, 0.7647640191670056, 0.7650239681809795, 0.7695062043903466, 0.766848619242923, 0.7672760248571594, 0.767723430661137, 0.7702241394696488, 0.7690045929821622, 0.7644086303736207, 0.7667646589608248, 0.7706230597948268, 0.7696242745794538, 0.7768781101119647, 0.777892183336061, 0.7772447213931851, 0.7674107833242895, 0.7759086461733764, 0.7752028776837264, 0.7748158297530496, 0.7769466211198179, 0.7735293657423546, 0.7771373728588483, 0.7743518985927992, 0.7782694632327991, 0.7769292125056945]",0.5887463973365976
8,"[1.0481559355107566, 0.9891107505749143, 0.963315720122958, 0.9479078832599852, 0.9373348698256507, 0.9293793632634102, 0.9215040995724617, 0.9143146426668243, 0.909567751818233, 0.9052481147504988, 0.9040210386590352, 0.89726672581737, 0.8926427080517724, 0.889097354951359, 0.8851843956443999, 0.8808970428884976, 0.879136965743133, 0.8745024672576359, 0.8689691431465603, 0.8685061476296849, 0.8648093431478455, 0.8601918992778611, 0.8550284757973656, 0.8555777681961892, 0.8513067414363226, 0.8475198979888644, 0.8431327862162439, 0.8384006254020191, 0.8370851582241436, 0.8319732969597219, 0.8323735841919505, 0.8298559498692316, 0.8315025828187428, 0.8251425306948404, 0.8227097569476991, 0.8032080170417589, 0.8007970047848565, 0.799326491616075, 0.7988260854331274, 0.7957492351295457, 0.7902113770445188, 0.7917879576247836, 0.7832484213369233, 0.785138331412796]","[0.5310173697270472, 0.5215880893300248, 0.5580645161290323, 0.5580645161290323, 0.5786600496277916, 0.5607940446650124, 0.5796526054590571, 0.6057071960297766, 0.571712158808933, 0.6044665012406948, 0.6094292803970224, 0.6096774193548387, 0.5920595533498759, 0.584863523573201, 0.6119106699751861, 0.609181141439206, 0.5982630272952854, 0.611166253101737, 0.6129032258064516, 0.5900744416873449, 0.6198511166253102, 0.6136476426799008, 0.5992555831265509, 0.6200992555831265, 0.609181141439206, 0.6012406947890819, 0.6193548387096774, 0.6069478908188586, 0.6163771712158809, 0.6119106699751861, 0.611166253101737, 0.6116625310173698, 0.6027295285359802, 0.6094292803970224, 0.6106699751861042, 0.6223325062034739, 0.6138957816377171, 0.6146401985111662, 0.6024813895781638, 0.5928039702233251, 0.6156327543424318, 0.6196029776674938, 0.6146401985111662]","[0.4082186890418176, 0.4024398674365995, 0.448458558319543, 0.4600853930675672, 0.5133037773747763, 0.47308857680727195, 0.5136549740975622, 0.5521005378025898, 0.48707850136961145, 0.5611784628562569, 0.5635300866967211, 0.569044571369085, 0.5675311343039774, 0.531533861790892, 0.5542526393670616, 0.5801011496334653, 0.560720024154384, 0.5523277899958968, 0.5687793703225958, 0.5407784039859511, 0.5740261061138705, 0.5598398725253314, 0.5537746111803702, 0.5869756164267073, 0.5804498490138684, 0.5507846807847288, 0.5638064126328818, 0.5268817204301076, 0.5706049843468965, 0.5859526485578255, 0.5698211214310286, 0.5501481859989781, 0.5460299036850972, 0.585581066315859, 0.5863156788855397, 0.5784127725375968, 0.5553402742166204, 0.5711838992890271, 0.5566334364993519, 0.5483703676225348, 0.5672931342669498, 0.5775636509970273, 0.5682468027287305]","[0.68026323858015, 0.7208557452938522, 0.7303208318182056, 0.7422852798574396, 0.7536904023291483, 0.7548175319026544, 0.7564962768475495, 0.7673697786145636, 0.7660331722258169, 0.7645487227100647, 0.7686096969163843, 0.7700723096207814, 0.7708981094149937, 0.7664187062094278, 0.7732169445581821, 0.7722243915597581, 0.7763780192345399, 0.7748981775724911, 0.7747747133425177, 0.7687261918400141, 0.7736607794461424, 0.7806512109849257, 0.7788696485526838, 0.7806204060389486, 0.7797122635304227, 0.7798119594907531, 0.7824288268305358, 0.779465426836873, 0.7833210015484738, 0.7770699358560287, 0.7782057059795511, 0.7759413633884243, 0.7776865544714594, 0.7795568122199441, 0.7819499844403949, 0.784230333327068, 0.7818603974953762, 0.7822370750682232, 0.7780703276770673, 0.7738223613340797, 0.7788876657207099, 0.7789424385763865, 0.7836435288108454]",0.5869756164267073
9,"[1.041210619348382, 0.9770077462234195, 0.95243729603669, 0.9370780213484688, 0.9248731811604802, 0.9195968903719433, 0.9095030332368518, 0.9048277201160552, 0.9043714234989787, 0.8952978889620493, 0.8911708307171625, 0.8863699306098242, 0.8787157964848337, 0.8777107258164694, 0.8730848612529891, 0.8699473503326612, 0.8658308415185838, 0.8618472911535747, 0.8580650661199812, 0.8535113523876856, 0.8496857621367016, 0.8447839048883271, 0.8401730972386542, 0.8381682401375165, 0.8330065152711339, 0.8294001361207356, 0.82814622185533, 0.8284691990841002, 0.817424257714597, 0.8200771866573228, 0.8141681318954815, 0.8131540298816704, 0.8108057940290088, 0.808299327771815, 0.8037205850557675, 0.8071746115410139, 0.7970447811105895, 0.7972023663303208, 0.7937339792648951, 0.7930629661395436, 0.7755753820141157, 0.7710257529739349, 0.7702200982778792, 0.7644728997515308, 0.7609319006876339, 0.7623289398967273, 0.7558372115331983, 0.7579922246791068, 0.749232058960294, 0.7504820161395602, 0.7479984236378519, 0.743068822378677, 0.7435532390834794, 0.7414753888216283, 0.739729402557252, 0.7371112571230957, 0.7386952844404039, 0.731354499265315, 0.732780959457159, 0.7263237974118619, 0.7311901844564884, 0.7228713492079387, 0.7254190509399724, 0.7235060460155919, 0.7204389445010632, 0.7185879560217024, 0.7145994239974589, 0.7112933650967621, 0.7166078824490781, 0.7146577436536078, 0.6998694105044244, 0.6942808078749786, 0.6950235030953846, 0.6906095280770271, 0.6912929474243096, 0.689073869810691, 0.688757945679956, 0.6853915166760248, 0.6842231949170431, 0.6860223094977084, 0.6829379954271846, 0.6831544302995243, 0.6812050071145807, 0.6768625205353139, 0.6782466445768637, 0.6769147737631722, 0.6685958352708627, 0.6669045571415197, 0.6657913171701015, 0.6690694133913706, 0.6621084463974786, 0.6641136379469008, 0.665529743014347, 0.6646486996776528, 0.6663326679004563]","[0.48994787788533134, 0.536361379995036, 0.5559692231322909, 0.5423181931000248, 0.5629188384214445, 0.5651526433358154, 0.5465376023827252, 0.5572102258624969, 0.5802928766443286, 0.5703648548026806, 0.5837676842889055, 0.5730950608091337, 0.579548275006205, 0.5832712831968231, 0.5936957061305534, 0.5855050881111938, 0.5738396624472574, 0.5835194837428642, 0.5802928766443286, 0.5939439066765947, 0.5936957061305534, 0.5966741126830479, 0.5944403077686771, 0.5981633159592951, 0.5879870935716058, 0.5946885083147183, 0.5884834946636882, 0.5909655001241003, 0.6026309257880368, 0.5872424919334822, 0.5914619012161827, 0.582030280466617, 0.6041201290642839, 0.5864978902953587, 0.6105733432613552, 0.5904690990320178, 0.575825266815587, 0.6016381236038719, 0.5936957061305534, 0.5691238520724745, 0.5984115165053363, 0.6093323405311492, 0.6023827252419955, 0.5989079175974187, 0.5944403077686771, 0.6110697443534375, 0.5979151154132539, 0.610325142715314, 0.5753288657235046, 0.6056093323405312, 0.6021345246959543, 0.6001489203276247, 0.5892280963018118, 0.5852568875651526, 0.5956813104988831, 0.5969223132290891, 0.6085877388930255, 0.6016381236038719, 0.6093323405311492, 0.6063539339786548, 0.6063539339786548, 0.6023827252419955, 0.5979151154132539, 0.6028791263340779, 0.5996525192355423, 0.5976669148672127, 0.5922065028543063, 0.6041201290642839, 0.5971705137751303, 0.6068503350707372, 0.5924547034003474, 0.5929511044924299, 0.6073467361628195, 0.5976669148672127, 0.6100769421692728, 0.5999007197815835, 0.6058575328865724, 0.6038719285182428, 0.6051129312484488, 0.6051129312484488, 0.6023827252419955, 0.5996525192355423, 0.6053611317944899, 0.5931993050384711, 0.6011417225117895, 0.5971705137751303, 0.6003971208736659, 0.6095805410771904, 0.6048647307024075, 0.6048647307024075, 0.6001489203276247, 0.6008935219657483, 0.6031273268801192, 0.5979151154132539]","[0.35596515279797347, 0.4178926719132557, 0.4614212986698778, 0.43883690372049683, 0.5225304713462725, 0.4889771023318683, 0.48694414828913973, 0.4998100638494154, 0.5358417867157718, 0.5107953711023837, 0.5393476498894595, 0.49688216377919997, 0.5366617729680128, 0.5230434269811798, 0.5561689391651022, 0.5344377502165542, 0.5174586525442612, 0.5427044041261884, 0.5220854603173183, 0.5470578392657555, 0.5431138181654644, 0.5577263511010052, 0.5564148428408474, 0.5612254504715738, 0.5555468893189409, 0.5415941455950634, 0.5525028882429864, 0.5439599684757148, 0.582069143945513, 0.543487582365685, 0.5367469491921762, 0.5350307247201648, 0.5805144503088416, 0.533124214183058, 0.5731106041427618, 0.5499497520793799, 0.5297679964175064, 0.5525736379327604, 0.5303509964234259, 0.5321942473124565, 0.5656508449746437, 0.5732646339023927, 0.5512953816055204, 0.5820329045632978, 0.5644904817997913, 0.5842502446622339, 0.5830961551237835, 0.5801713554417102, 0.5238934496799557, 0.571949772106155, 0.5650916824892654, 0.5543318691827618, 0.5223724946081643, 0.5419600299051015, 0.5461201031425753, 0.5723894054587714, 0.5847997557980492, 0.5759968473702464, 0.584976703245155, 0.5698282014244606, 0.5808441906139568, 0.5798329487075256, 0.574420508463403, 0.5680842233120688, 0.5695240450865375, 0.5609069718297444, 0.5580066188912055, 0.5821324965491036, 0.5644133030555001, 0.5764214425571836, 0.5570936926660726, 0.5505690410519238, 0.5772514406767646, 0.5765567245919828, 0.5854254932659718, 0.5654236428913868, 0.5804061685854575, 0.572605526204763, 0.5789524898730029, 0.5748994387870245, 0.5623619633845042, 0.556519066244246, 0.5852637525346055, 0.5511996104404222, 0.5752866435743692, 0.5658041537222475, 0.5669158359628029, 0.5771326346118166, 0.5742774815480359, 0.5835604553518857, 0.5661691833439928, 0.5744910154186494, 0.575486051103988, 0.5682824906801873]","[0.6842002551778655, 0.7117115470013156, 0.727576972602309, 0.7271618390140278, 0.7334015218464994, 0.7398025683190511, 0.739527893364425, 0.742238173991145, 0.7500331312290148, 0.7490520108903603, 0.7499058041924663, 0.7490888730727917, 0.7422773932460632, 0.7546901434465682, 0.7526335809093343, 0.754543291177504, 0.7568737219512665, 0.7560630138114104, 0.7570072024935977, 0.7596320927953252, 0.7582505665259253, 0.7587329364305724, 0.759083509041297, 0.7599454327635832, 0.7565251776670817, 0.7593609632004585, 0.7626324151465168, 0.7625434699067762, 0.7646788474437405, 0.7541232770607147, 0.7616812858720635, 0.7600483104111118, 0.7649614479175321, 0.763395475467408, 0.7630365233843972, 0.7634029173185887, 0.7609362565316018, 0.7658662298666942, 0.7625916820994779, 0.7533444080021109, 0.7626024046191203, 0.7632533574880918, 0.7657106410842148, 0.7616438110462102, 0.7605872894615416, 0.7654674951734063, 0.7620032680676031, 0.7648214206319647, 0.7610348799499941, 0.7656982873161281, 0.7621992507982952, 0.7618818267284541, 0.7624661463148397, 0.7620842187271042, 0.7644022705278664, 0.7612920577361099, 0.7633454686741695, 0.7586684415227588, 0.7635344890723225, 0.7607398389797506, 0.7631466296431982, 0.7637325284356673, 0.7605886289894134, 0.764199377096034, 0.7582071272003974, 0.7626091012567652, 0.7598568207323941, 0.7628633615575858, 0.7597636944005028, 0.7618104337772506, 0.7619666779950757, 0.7602783287049121, 0.7617280282446702, 0.7605276330440489, 0.7625983914424838, 0.7599509047328562, 0.7620044172567284, 0.7611321294113954, 0.7608177067207724, 0.7603916847892019, 0.7629977252004663, 0.7612165683257855, 0.7607559589992233, 0.7610764970071265, 0.7604944590042427, 0.7616799994808813, 0.759798907112208, 0.7611476743199272, 0.7605516021238309, 0.7612537921779383, 0.7598048332449371, 0.7589110629417707, 0.7599984159833051, 0.7590449638267249]",0.5854254932659718
10,"[1.0425468567344878, 0.985112649580789, 0.9612530100913275, 0.946847365016029, 0.9381949350474372, 0.9277477723265452, 0.9213446463857379, 0.918838985027775, 0.9142760064393755, 0.9079971602038731, 0.8996317242346112, 0.8932670017793065, 0.8886921369130649, 0.8834601787347642, 0.8821640974945493, 0.8773791772269067, 0.8726928857347321, 0.869661203452519, 0.8654513011376063, 0.8599361777305603, 0.8600664786876194, 0.8549156281210127, 0.8511389857010235, 0.8498609856007591, 0.8469421015608878, 0.8419504017820434, 0.8369985861437661, 0.8323490800602096, 0.8304541336875113, 0.8287088157875198, 0.8246792585603775, 0.8237502084128441, 0.8197740481959449, 0.8188379162715541, 0.8166849660494971, 0.7986304580219208, 0.7901876256579444, 0.7930112505952517, 0.7883361755382448, 0.7832870810987458, 0.7818041495860569, 0.7784331560371414, 0.7778213969062245, 0.7746779244570505, 0.7715610773080871, 0.7721390229842019, 0.7698311114476787, 0.7659719173633863, 0.7674068946332212, 0.760552884803878, 0.7625348929256673, 0.7577349562493582, 0.7595969881448481, 0.7576407574945025, 0.7533679334890275, 0.7522728944581653, 0.749561461013934, 0.7492548054054616, 0.7497371371303286, 0.7466707685518832, 0.743235879474216, 0.7421198153188304, 0.7400093261329901, 0.7365600362065292, 0.7379360822812905, 0.7223407160195093, 0.7223806474653501, 0.7161536743007009, 0.7173449144595199, 0.7175743300172072, 0.7126309998806507, 0.7145025561608019, 0.7145457968470597, 0.7119433849695183]","[0.5261851576073467, 0.5450483991064781, 0.55373541821792, 0.5646562422437329, 0.570861255894763, 0.5830230826507818, 0.5956813104988831, 0.5718540580789278, 0.55373541821792, 0.5922065028543063, 0.5981633159592951, 0.5897244973938943, 0.6006453214197072, 0.5969223132290891, 0.5994043186895012, 0.6021345246959543, 0.5912137006701415, 0.6118143459915611, 0.5969223132290891, 0.6075949367088608, 0.5884834946636882, 0.5954331099528419, 0.6056093323405312, 0.6021345246959543, 0.5924547034003474, 0.610325142715314, 0.6003971208736659, 0.6120625465376024, 0.6083395383469844, 0.6043683296103252, 0.5959295110449243, 0.5790518739141226, 0.6063539339786548, 0.6095805410771904, 0.6088359394390668, 0.6137999503598908, 0.6100769421692728, 0.6098287416232315, 0.6135517498138496, 0.614048150905932, 0.5984115165053363, 0.6023827252419955, 0.6048647307024075, 0.6008935219657483, 0.6023827252419955, 0.6187639612807149, 0.6145445519980144, 0.6068503350707372, 0.6142963514519731, 0.6083395383469844, 0.6125589476296848, 0.61156614544552, 0.6150409530900968, 0.6063539339786548, 0.615289153636138, 0.6175229585505088, 0.609084139985108, 0.6130553487217671, 0.6016381236038719, 0.6147927525440556, 0.6033755274261603, 0.6167783569123853, 0.610325142715314, 0.6068503350707372, 0.6110697443534375, 0.6100769421692728, 0.6066021345246959, 0.6108215438073964, 0.6137999503598908, 0.6135517498138496, 0.6147927525440556, 0.6011417225117895, 0.6150409530900968]","[0.4087536046383171, 0.4195182639071921, 0.4444628063254972, 0.45235045562955034, 0.47926327784690864, 0.5072299009163607, 0.5466167641567873, 0.5007815458028021, 0.46851103164235747, 0.5372432419224928, 0.5412543263455211, 0.5229099218696631, 0.5629106474377673, 0.5198535674885552, 0.5738930069357754, 0.556408371767051, 0.5350128640480903, 0.5702214673137638, 0.5142503466177278, 0.5540639030990778, 0.5314971117426118, 0.5577445848730654, 0.568035127504256, 0.582156144975063, 0.552020498236914, 0.5699245046639456, 0.5497834175432063, 0.5591176117013162, 0.5594913671259024, 0.5669728311158276, 0.5285533722410473, 0.5268900733817673, 0.5709499917430038, 0.5731714463884746, 0.5715054106933327, 0.5595589889439266, 0.575435072190716, 0.562222163358527, 0.5753870136470356, 0.583007107768532, 0.5631185892060134, 0.5648331157805675, 0.5693411920170758, 0.5645765623652395, 0.5652542211646789, 0.5901311768567786, 0.5714680905517213, 0.5667678361127946, 0.5813651147200448, 0.5699125366700647, 0.5717180070791574, 0.5651259263172466, 0.5755197555280137, 0.592397638774892, 0.5732513675381306, 0.5843417971397032, 0.5629904974916716, 0.5878332408568109, 0.5728307366929061, 0.5872276554556858, 0.554593937553599, 0.5866080612543237, 0.5625462130354606, 0.5697178479289841, 0.5627474466206147, 0.5842359469230386, 0.5758455162911987, 0.5904389273511471, 0.579534323472194, 0.5916941005068512, 0.5718592777595496, 0.5644167923579689, 0.584202748029864]","[0.6845307710386042, 0.7229110202874572, 0.7318931780915697, 0.7371926701016188, 0.7431297243832615, 0.7503185506045776, 0.7514141627050274, 0.753111678769444, 0.7515881725300225, 0.7567889803371767, 0.7580015547773781, 0.758852705975196, 0.7612166132737762, 0.7627788565998225, 0.7596941504598412, 0.7641752653558708, 0.7630411098787487, 0.7644637442375779, 0.7651014376057698, 0.7675075543898128, 0.7637867417181562, 0.76243812248683, 0.7658601147676327, 0.7657906717316463, 0.7660405779664542, 0.7658063469656038, 0.7687006229016363, 0.7691359142186324, 0.7689970409290888, 0.7671531998204649, 0.7686810285142202, 0.7643968449953431, 0.7679422625582003, 0.7718465376552596, 0.7705456262526682, 0.7719519827861928, 0.7706567086280912, 0.7684103732189126, 0.7714181501404465, 0.7715994618110792, 0.7680135389734435, 0.7681152644667543, 0.7701616552474521, 0.7714787042452534, 0.7708989610211242, 0.770592374613556, 0.7735886020027798, 0.7695240877987694, 0.7730771813584977, 0.7698968757253496, 0.7701101811365842, 0.7667487207096109, 0.7729981136567997, 0.7710603345497531, 0.7721461233472534, 0.770673700516561, 0.7702477241997873, 0.7700580151410907, 0.772014062638566, 0.7690751559803797, 0.7700013564250116, 0.7710321332739462, 0.7698743299518963, 0.7677526016905928, 0.7708777489645886, 0.7707979126724874, 0.7689292558476092, 0.7700780298441745, 0.7693217445967853, 0.771402264030996, 0.7690716473907334, 0.7710756914162723, 0.7714949483863153]",0.592397638774892
